{
   "dashboards": [{
      "autoswitchEnabled": false,
      "columnCount": 1,
      "columnProportion": "1",
      "creationTime": 1614623666105,
      "dashboardNavigations": {},
      "description": "",
      "disabled": false,
      "gridsterMaxColumns": 12,
      "hidden": false,
      "homeTab": false,
      "id": "8efcf7c0-48c4-4f0b-a914-07c6eb6f94bd",
      "importAttempts": 0,
      "importComplete": true,
      "lastUpdateTime": 1614970213722,
      "lastUpdateUserId": "ce28a436-007e-4581-a234-9a5ec7b93455",
      "locked": false,
      "name": "Troubleshooting VMs v3",
      "namePath": "Custom Dashboards",
      "rank": 0,
      "shared": false,
      "states": [{
         "key": "permDashboardTime_dashboard_8efcf7c0-48c4-4f0b-a914-07c6eb6f94bd",
         "value": "o%3AdateRange%3Ds%253Alast24Hour%5EdateRangeText%3Ds%253A24H"
      }],
      "temporary": false,
      "userId": "ce28a436-007e-4581-a234-9a5ec7b93455",
      "widgetInteractions": [
         {
            "type": "resourceId",
            "widgetIdProvider": "d23ee157-ae9c-47cc-aaf7-d4db0a6e64b6",
            "widgetIdReceiver": "020c05af-45ed-4aef-a53f-4e20c1cd8912"
         },
         {
            "type": "resourceId",
            "widgetIdProvider": "d23ee157-ae9c-47cc-aaf7-d4db0a6e64b6",
            "widgetIdReceiver": "7a23974c-289e-477b-aa34-5ee5344de6db"
         },
         {
            "type": "resourceId",
            "widgetIdProvider": "d23ee157-ae9c-47cc-aaf7-d4db0a6e64b6",
            "widgetIdReceiver": "ba2e49d7-f79b-44a5-b59a-38d499d57fbc"
         },
         {
            "type": "resourceId",
            "widgetIdProvider": "d23ee157-ae9c-47cc-aaf7-d4db0a6e64b6",
            "widgetIdReceiver": "06004f98-55ae-4aad-86f3-a15daed25e1f"
         },
         {
            "type": "resourceId",
            "widgetIdProvider": "d23ee157-ae9c-47cc-aaf7-d4db0a6e64b6",
            "widgetIdReceiver": "3b254385-198f-4784-9ba4-8b882e80f47d"
         },
         {
            "type": "resourceId",
            "widgetIdProvider": "d23ee157-ae9c-47cc-aaf7-d4db0a6e64b6",
            "widgetIdReceiver": "7ab8dc59-d7da-4ce9-98ef-a44ff375ee4a"
         },
         {
            "type": "resourceId",
            "widgetIdProvider": "d23ee157-ae9c-47cc-aaf7-d4db0a6e64b6",
            "widgetIdReceiver": "07aa7563-459b-42dc-9e75-55a7c6790abd"
         },
         {
            "type": "resourceId",
            "widgetIdProvider": "d23ee157-ae9c-47cc-aaf7-d4db0a6e64b6",
            "widgetIdReceiver": "07252af2-094b-438f-acd7-9f14df92b9db"
         },
         {
            "type": "resourceId",
            "widgetIdProvider": "d23ee157-ae9c-47cc-aaf7-d4db0a6e64b6",
            "widgetIdReceiver": "29fcc63a-a01d-482b-a020-a5db9da8d592"
         },
         {
            "type": "resourceId",
            "widgetIdProvider": "d23ee157-ae9c-47cc-aaf7-d4db0a6e64b6",
            "widgetIdReceiver": "f107ae35-ee51-4590-baf7-2e7bdf50b1de"
         },
         {
            "type": "resourceId",
            "widgetIdProvider": "d23ee157-ae9c-47cc-aaf7-d4db0a6e64b6",
            "widgetIdReceiver": "ca1e85d2-902b-49f8-a601-db402f34f04f"
         },
         {
            "type": "resourceId",
            "widgetIdProvider": "d23ee157-ae9c-47cc-aaf7-d4db0a6e64b6",
            "widgetIdReceiver": "22c626d9-386d-4cf4-a205-6d074137ab6a"
         },
         {
            "type": "resourceId",
            "widgetIdProvider": "d23ee157-ae9c-47cc-aaf7-d4db0a6e64b6",
            "widgetIdReceiver": "b7ef1000-9a5f-4717-b47e-8d06a7c430a8"
         },
         {
            "type": "resourceId",
            "widgetIdProvider": "d23ee157-ae9c-47cc-aaf7-d4db0a6e64b6",
            "widgetIdReceiver": "1e8d550d-d168-40d6-853d-dc1ec2609d17"
         }
      ],
      "widgets": [
         {
            "collapsed": false,
            "config": {
               "alertAction": [],
               "alertImpact": [],
               "criticalityLevel": [],
               "customFilter": {
                  "excludedResources": null,
                  "filter": [],
                  "includedResources": null
               },
               "depth": 1,
               "filterMode": "tagPicker",
               "mode": "all",
               "refreshContent": {"refreshContent": true},
               "refreshInterval": 300,
               "relationshipMode": {"relationshipMode": 0},
               "resource": [],
               "selfProvider": {"selfProvider": false},
               "state": [],
               "status": [0],
               "tagFilter": null,
               "title": "Active Alerts (for selected VM)",
               "type": []
            },
            "gridsterCoords": {
               "h": 6,
               "w": 6,
               "x": 1,
               "y": 7
            },
            "height": 323,
            "id": "020c05af-45ed-4aef-a53f-4e20c1cd8912",
            "states": [
               {
                  "key": "permDateFilter_widget_8efcf7c0-48c4-4f0b-a914-07c6eb6f94bd_020c05af-45ed-4aef-a53f-4e20c1cd8912",
                  "value": "s%3A%7B%22dateRange%22%3A%22last30Days%22%2C%22dateFrom%22%3Anull%2C%22dateTo%22%3Anull%2C%22timeFrom%22%3Anull%2C%22timeTo%22%3Anull%7D"
               },
               {
                  "key": "permAlertGrid_perm_widget_8efcf7c0-48c4-4f0b-a914-07c6eb6f94bd_020c05af-45ed-4aef-a53f-4e20c1cd8912",
                  "value": "o%3Acolumns%3Da%253Ao%25253Aid%25253Ds%2525253Ah1%25255Ehidden%25253Db%2525253A1%25255Ewidth%25253Dn%2525253A100%255Eo%25253Aid%25253Ds%2525253Ah4%25255Ewidth%25253Dn%2525253A171.6918487548828%255Eo%25253Aid%25253Ds%2525253Ah2%25255Ewidth%25253Dn%2525253A98.67623901367188%255Eo%25253Aid%25253Ds%2525253Ah6%25255Ewidth%25253Dn%2525253A73.90713500976562%255Eo%25253Aid%25253Ds%2525253Ah15%25255Ehidden%25253Db%2525253A0%25255Ewidth%25253Dn%2525253A132.42279052734375%255Eo%25253Aid%25253Ds%2525253Ah3%25255Ewidth%25253Dn%2525253A656.7535400390625%255Eo%25253Aid%25253Ds%2525253Ah5%255Eo%25253Aid%25253Ds%2525253Ah7%25255Ehidden%25253Db%2525253A1%255Eo%25253Aid%25253Ds%2525253Ah8%25255Ehidden%25253Db%2525253A1%255Eo%25253Aid%25253Ds%2525253Ah9%25255Ehidden%25253Db%2525253A1%255Eo%25253Aid%25253Ds%2525253Ah10%25255Ehidden%25253Db%2525253A1%255Eo%25253Aid%25253Ds%2525253Ah11%25255Ehidden%25253Db%2525253A1%255Eo%25253Aid%25253Ds%2525253Ah12%25255Ehidden%25253Db%2525253A1%255Eo%25253Aid%25253Ds%2525253Ah13%25255Ehidden%25253Db%2525253A1%255Eo%25253Aid%25253Ds%2525253Ah14%25255Ehidden%25253Db%2525253A1%5EstoreState%3Do%253Asorters%253Da%25253Ao%2525253Aroot%2525253Ds%252525253Adata%2525255Eproperty%2525253Ds%252525253AstartTimeUtc%2525255Edirection%2525253Ds%252525253ADESC%2525255Eid%2525253Ds%252525253AstartTimeUtc"
               },
               {
                  "key": "permViewMode_widget_8efcf7c0-48c4-4f0b-a914-07c6eb6f94bd_020c05af-45ed-4aef-a53f-4e20c1cd8912",
                  "value": "s%3Atime"
               }
            ],
            "title": "Active Alerts (for selected VM)",
            "type": "AlertList"
         },
         {
            "collapsed": false,
            "config": {
               "chartViewItems": [],
               "isUpdatedView": true,
               "refreshContent": {"refreshContent": true},
               "refreshInterval": 300,
               "resource": null,
               "selectFirstRow": {"selectFirstRow": false},
               "selfProvider": {"selfProvider": false},
               "title": "Disk Usage (for selected VM)",
               "traversalSpecId": "",
               "viewDefinitionId": "bf6f779d-b37d-408e-a0c9-3e0cf25aa2f5"
            },
            "gridsterCoords": {
               "h": 4,
               "w": 3,
               "x": 1,
               "y": 17
            },
            "height": 210,
            "id": "7ab8dc59-d7da-4ce9-98ef-a44ff375ee4a",
            "states": [
               {
                  "key": "permSelectedDate_widget_8efcf7c0-48c4-4f0b-a914-07c6eb6f94bd_7ab8dc59-d7da-4ce9-98ef-a44ff375ee4a",
                  "value": "s%3A%7B%22minType%22%3A%22.TimeIntervalControl%22%2C%22advancedTimeMode%22%3Afalse%2C%22fromTime%22%3Anull%2C%22unit%22%3A%22DAYS%22%2C%22count%22%3A7%2C%22priorUnit%22%3Anull%2C%22priorCount%22%3Anull%2C%22startSubUnit%22%3Anull%2C%22startPeriod%22%3Anull%2C%22toTime%22%3Anull%2C%22endUnit%22%3Anull%2C%22endCount%22%3Anull%2C%22endSubUnit%22%3Anull%2C%22endPeriod%22%3Anull%7D"
               },
               {
                  "key": "permPageSize_widget_8efcf7c0-48c4-4f0b-a914-07c6eb6f94bd_7ab8dc59-d7da-4ce9-98ef-a44ff375ee4a",
                  "value": "n%3A50"
               }
            ],
            "title": "Disk Usage (for selected VM)",
            "type": "View"
         },
         {
            "collapsed": false,
            "config": {
               "customFilter": {
                  "excludedResources": null,
                  "filter": [],
                  "includedResources": null
               },
               "depth": "2,2",
               "filterMode": "tagPicker",
               "refreshContent": {"refreshContent": true},
               "refreshInterval": 300,
               "resourceId": null,
               "resourceName": null,
               "selfProvider": {"selfProvider": false},
               "tagFilter": null,
               "title": "Advanced Object Relationship (for selected VM)",
               "traversalSpecId": ""
            },
            "gridsterCoords": {
               "h": 6,
               "w": 6,
               "x": 7,
               "y": 7
            },
            "height": 323,
            "id": "7a23974c-289e-477b-aa34-5ee5344de6db",
            "states": [
               {
                  "key": "perm_toolbarVisible_widget_8efcf7c0-48c4-4f0b-a914-07c6eb6f94bd_7a23974c-289e-477b-aa34-5ee5344de6db",
                  "value": "b%3A1"
               },
               {
                  "key": "perm_viewerType_widget_8efcf7c0-48c4-4f0b-a914-07c6eb6f94bd_7a23974c-289e-477b-aa34-5ee5344de6db",
                  "value": "s%3ArelationshipTree"
               },
               {
                  "key": "perm_ResourceRelationshipTree_widget_8efcf7c0-48c4-4f0b-a914-07c6eb6f94bd_7a23974c-289e-477b-aa34-5ee5344de6db",
                  "value": "o%3A"
               }
            ],
            "title": "Advanced Object Relationship (for selected VM)",
            "type": "ResourceRelationshipAdvanced"
         },
         {
            "collapsed": false,
            "config": {
               "chartHeight": 135,
               "customFilter": {
                  "excludedResources": null,
                  "filter": [],
                  "includedResources": null
               },
               "depth": 1,
               "filterMode": "tagPicker",
               "metricFullName": "Virtual Disk:Aggregate of all Instances|Read Latency (ms)",
               "metricKey": "virtualDisk:Aggregate of all instances|totalReadLatency_average",
               "metricLabel": "",
               "metricName": "Virtual Disk:Aggregate of all instances|Read Latency (ms)",
               "metricType": {"metricType": "custom"},
               "metricUnit": {
                  "metricUnitId": -1,
                  "metricUnitName": "Default Unit"
               },
               "mode": "all",
               "paginationNumber": 15,
               "refreshContent": {"refreshContent": true},
               "refreshInterval": 300,
               "relationshipMode": {"relationshipMode": 0},
               "resource": [],
               "resourceKindId": "resourceKind:id:0_::_",
               "selectFirstRow": {"selectFirstRow": false},
               "selfProvider": {"selfProvider": false},
               "showMetricLabel": {"showMetricLabel": false},
               "showResourceName": {"showResourceName": true},
               "sortBy": "metricValue",
               "sortByDir": {"orderByDir": "asc"},
               "tagFilter": null,
               "title": "Virtual Disk Read Latency (for selected VM)"
            },
            "gridsterCoords": {
               "h": 4,
               "w": 3,
               "x": 4,
               "y": 17
            },
            "height": 210,
            "id": "3b254385-198f-4784-9ba4-8b882e80f47d",
            "states": [{
               "key": "permDateRange_HealthChart_widget_8efcf7c0-48c4-4f0b-a914-07c6eb6f94bd_3b254385-198f-4784-9ba4-8b882e80f47d",
               "value": "s%3A%7B%22dateRange%22%3A%22dashboardTime%22%2C%22dateFrom%22%3Anull%2C%22dateTo%22%3Anull%2C%22timeFrom%22%3Anull%2C%22timeTo%22%3Anull%7D"
            }],
            "title": "Virtual Disk Read Latency (for selected VM)",
            "type": "HealthChart"
         },
         {
            "collapsed": false,
            "config": {
               "chartHeight": 135,
               "customFilter": {
                  "excludedResources": null,
                  "filter": [],
                  "includedResources": null
               },
               "depth": 1,
               "filterMode": "tagPicker",
               "metricFullName": "Virtual Disk:Aggregate of all Instances|Write Latency (ms)",
               "metricKey": "virtualDisk:Aggregate of all instances|totalWriteLatency_average",
               "metricLabel": "",
               "metricName": "Virtual Disk:Aggregate of all instances|Write Latency (ms)",
               "metricType": {"metricType": "custom"},
               "metricUnit": {
                  "metricUnitId": -1,
                  "metricUnitName": "Default Unit"
               },
               "mode": "all",
               "paginationNumber": 15,
               "refreshContent": {"refreshContent": true},
               "refreshInterval": 300,
               "relationshipMode": {"relationshipMode": 0},
               "resource": [],
               "resourceKindId": "resourceKind:id:0_::_",
               "selectFirstRow": {"selectFirstRow": false},
               "selfProvider": {"selfProvider": false},
               "showMetricLabel": {"showMetricLabel": false},
               "showResourceName": {"showResourceName": true},
               "sortBy": "metricValue",
               "sortByDir": {"orderByDir": "asc"},
               "tagFilter": null,
               "title": "Virtual Disk Write Latency (for selected VM)"
            },
            "gridsterCoords": {
               "h": 4,
               "w": 3,
               "x": 7,
               "y": 17
            },
            "height": 210,
            "id": "06004f98-55ae-4aad-86f3-a15daed25e1f",
            "states": [{
               "key": "permDateRange_HealthChart_widget_8efcf7c0-48c4-4f0b-a914-07c6eb6f94bd_06004f98-55ae-4aad-86f3-a15daed25e1f",
               "value": "s%3A%7B%22dateRange%22%3A%22dashboardTime%22%2C%22dateFrom%22%3Anull%2C%22dateTo%22%3Anull%2C%22timeFrom%22%3Anull%2C%22timeTo%22%3Anull%7D"
            }],
            "title": "Virtual Disk Write Latency (for selected VM)",
            "type": "HealthChart"
         },
         {
            "collapsed": false,
            "config": {
               "chartHeight": 135,
               "customFilter": {
                  "excludedResources": null,
                  "filter": [],
                  "includedResources": null
               },
               "depth": 1,
               "filterMode": "tagPicker",
               "metricFullName": "Virtual Disk:Aggregate of all Instances|Total Throughput (KBps)",
               "metricKey": "virtualDisk:Aggregate of all instances|usage",
               "metricLabel": "",
               "metricName": "Virtual Disk:Aggregate of all instances|Total Throughput (KBps)",
               "metricType": {"metricType": "custom"},
               "metricUnit": {
                  "metricUnitId": -1,
                  "metricUnitName": "Default Unit"
               },
               "mode": "all",
               "paginationNumber": 15,
               "refreshContent": {"refreshContent": true},
               "refreshInterval": 300,
               "relationshipMode": {"relationshipMode": 0},
               "resource": [],
               "resourceKindId": "resourceKind:id:0_::_",
               "selectFirstRow": {"selectFirstRow": false},
               "selfProvider": {"selfProvider": false},
               "showMetricLabel": {"showMetricLabel": false},
               "showResourceName": {"showResourceName": true},
               "sortBy": "metricValue",
               "sortByDir": {"orderByDir": "asc"},
               "tagFilter": null,
               "title": "Virtual Disk Total Throughput (for selected VM)"
            },
            "gridsterCoords": {
               "h": 4,
               "w": 3,
               "x": 10,
               "y": 17
            },
            "height": 210,
            "id": "ba2e49d7-f79b-44a5-b59a-38d499d57fbc",
            "states": [{
               "key": "permDateRange_HealthChart_widget_8efcf7c0-48c4-4f0b-a914-07c6eb6f94bd_ba2e49d7-f79b-44a5-b59a-38d499d57fbc",
               "value": "s%3A%7B%22dateRange%22%3A%22dashboardTime%22%2C%22dateFrom%22%3Anull%2C%22dateTo%22%3Anull%2C%22timeFrom%22%3Anull%2C%22timeTo%22%3Anull%7D"
            }],
            "title": "Virtual Disk Total Throughput (for selected VM)",
            "type": "HealthChart"
         },
         {
            "collapsed": false,
            "config": {
               "chartHeight": 135,
               "customFilter": {
                  "excludedResources": null,
                  "filter": [],
                  "includedResources": null
               },
               "depth": 1,
               "filterMode": "tagPicker",
               "metricFullName": "Network|Data Receive Rate (KBps)",
               "metricKey": "net|received_average",
               "metricLabel": "",
               "metricName": "Network|Data Receive Rate (KBps)",
               "metricType": {"metricType": "custom"},
               "metricUnit": {
                  "metricUnitId": -1,
                  "metricUnitName": "Default Unit"
               },
               "mode": "all",
               "paginationNumber": 15,
               "refreshContent": {"refreshContent": true},
               "refreshInterval": 300,
               "relationshipMode": {"relationshipMode": 0},
               "resource": [],
               "resourceKindId": "resourceKind:id:0_::_",
               "selectFirstRow": {"selectFirstRow": false},
               "selfProvider": {"selfProvider": false},
               "showMetricLabel": {"showMetricLabel": false},
               "showResourceName": {"showResourceName": true},
               "sortBy": "metricValue",
               "sortByDir": {"orderByDir": "asc"},
               "tagFilter": null,
               "title": "Network Data Receive Rate (for selected VM)"
            },
            "gridsterCoords": {
               "h": 4,
               "w": 3,
               "x": 4,
               "y": 21
            },
            "height": 210,
            "id": "07aa7563-459b-42dc-9e75-55a7c6790abd",
            "states": [{
               "key": "permDateRange_HealthChart_widget_8efcf7c0-48c4-4f0b-a914-07c6eb6f94bd_07aa7563-459b-42dc-9e75-55a7c6790abd",
               "value": "s%3A%7B%22dateRange%22%3A%22dashboardTime%22%2C%22dateFrom%22%3Anull%2C%22dateTo%22%3Anull%2C%22timeFrom%22%3Anull%2C%22timeTo%22%3Anull%7D"
            }],
            "title": "Network Data Receive Rate (for selected VM)",
            "type": "HealthChart"
         },
         {
            "collapsed": false,
            "config": {
               "chartHeight": 135,
               "customFilter": {
                  "excludedResources": null,
                  "filter": [],
                  "includedResources": null
               },
               "depth": 1,
               "filterMode": "tagPicker",
               "metricFullName": "Network|Data Transmit Rate (KBps)",
               "metricKey": "net|transmitted_average",
               "metricLabel": "",
               "metricName": "Network|Data Transmit Rate (KBps)",
               "metricType": {"metricType": "custom"},
               "metricUnit": {
                  "metricUnitId": -1,
                  "metricUnitName": "Default Unit"
               },
               "mode": "all",
               "paginationNumber": 15,
               "refreshContent": {"refreshContent": true},
               "refreshInterval": 300,
               "relationshipMode": {"relationshipMode": 0},
               "resource": [],
               "resourceKindId": "resourceKind:id:0_::_",
               "selectFirstRow": {"selectFirstRow": false},
               "selfProvider": {"selfProvider": false},
               "showMetricLabel": {"showMetricLabel": false},
               "showResourceName": {"showResourceName": true},
               "sortBy": "metricValue",
               "sortByDir": {"orderByDir": "asc"},
               "tagFilter": null,
               "title": "Network Data Transmit Rate (for selected VM)"
            },
            "gridsterCoords": {
               "h": 4,
               "w": 3,
               "x": 7,
               "y": 21
            },
            "height": 210,
            "id": "07252af2-094b-438f-acd7-9f14df92b9db",
            "states": [{
               "key": "permDateRange_HealthChart_widget_8efcf7c0-48c4-4f0b-a914-07c6eb6f94bd_07252af2-094b-438f-acd7-9f14df92b9db",
               "value": "s%3A%7B%22dateRange%22%3A%22dashboardTime%22%2C%22dateFrom%22%3Anull%2C%22dateTo%22%3Anull%2C%22timeFrom%22%3Anull%2C%22timeTo%22%3Anull%7D"
            }],
            "title": "Network Data Transmit Rate (for selected VM)",
            "type": "HealthChart"
         },
         {
            "collapsed": false,
            "config": {
               "chartHeight": 135,
               "customFilter": {
                  "excludedResources": null,
                  "filter": [],
                  "includedResources": null
               },
               "depth": 1,
               "filterMode": "tagPicker",
               "metricFullName": "Network|Usage Rate (KBps)",
               "metricKey": "net|usage_average",
               "metricLabel": "",
               "metricName": "Network|Usage Rate (KBps)",
               "metricType": {"metricType": "custom"},
               "metricUnit": {
                  "metricUnitId": -1,
                  "metricUnitName": "Default Unit"
               },
               "mode": "all",
               "paginationNumber": 15,
               "refreshContent": {"refreshContent": true},
               "refreshInterval": 300,
               "relationshipMode": {"relationshipMode": 0},
               "resource": [],
               "resourceKindId": "resourceKind:id:0_::_",
               "selectFirstRow": {"selectFirstRow": false},
               "selfProvider": {"selfProvider": false},
               "showMetricLabel": {"showMetricLabel": false},
               "showResourceName": {"showResourceName": true},
               "sortBy": "metricValue",
               "sortByDir": {"orderByDir": "asc"},
               "tagFilter": null,
               "title": "Network Usage Rate (for selected VM)"
            },
            "gridsterCoords": {
               "h": 4,
               "w": 3,
               "x": 10,
               "y": 21
            },
            "height": 210,
            "id": "29fcc63a-a01d-482b-a020-a5db9da8d592",
            "states": [{
               "key": "permDateRange_HealthChart_widget_8efcf7c0-48c4-4f0b-a914-07c6eb6f94bd_29fcc63a-a01d-482b-a020-a5db9da8d592",
               "value": "s%3A%7B%22dateRange%22%3A%22dashboardTime%22%2C%22dateFrom%22%3Anull%2C%22dateTo%22%3Anull%2C%22timeFrom%22%3Anull%2C%22timeTo%22%3Anull%7D"
            }],
            "title": "Network Usage Rate (for selected VM)",
            "type": "HealthChart"
         },
         {
            "collapsed": false,
            "config": {
               "chartViewItems": [
                  "legend",
                  "labels",
                  "title"
               ],
               "isUpdatedView": true,
               "refreshContent": {"refreshContent": true},
               "refreshInterval": 300,
               "resource": {
                  "id": "Ext.vcops.chrome.model.Resource-1",
                  "resourceId": "resource:id:0_::_",
                  "resourceKindId": "002006VMWAREvSphere World",
                  "resourceName": "vSphere World",
                  "traversalSpecId": ""
               },
               "selectFirstRow": {"selectFirstRow": false},
               "selfProvider": {"selfProvider": true},
               "title": "VMs",
               "traversalSpecId": null,
               "viewDefinitionId": "812db199-f611-4833-828c-c7701bbc82c3"
            },
            "gridsterCoords": {
               "h": 6,
               "w": 12,
               "x": 1,
               "y": 1
            },
            "height": 323,
            "id": "d23ee157-ae9c-47cc-aaf7-d4db0a6e64b6",
            "states": [
               {
                  "key": "perm_toolbarVisible_widget_8efcf7c0-48c4-4f0b-a914-07c6eb6f94bd_d23ee157-ae9c-47cc-aaf7-d4db0a6e64b6",
                  "value": "b%3A1"
               },
               {
                  "key": "permSelectedDate_widget_8efcf7c0-48c4-4f0b-a914-07c6eb6f94bd_d23ee157-ae9c-47cc-aaf7-d4db0a6e64b6",
                  "value": "s%3A%7B%22minType%22%3A%22.TimeIntervalControl%22%2C%22advancedTimeMode%22%3Afalse%2C%22fromTime%22%3Anull%2C%22unit%22%3A%22DAYS%22%2C%22count%22%3A7%2C%22priorUnit%22%3Anull%2C%22priorCount%22%3Anull%2C%22startSubUnit%22%3Anull%2C%22startPeriod%22%3Anull%2C%22toTime%22%3Anull%2C%22endUnit%22%3Anull%2C%22endCount%22%3Anull%2C%22endSubUnit%22%3Anull%2C%22endPeriod%22%3Anull%2C%22isRealTimeData%22%3Anull%7D"
               },
               {
                  "key": "permPageSize_widget_8efcf7c0-48c4-4f0b-a914-07c6eb6f94bd_d23ee157-ae9c-47cc-aaf7-d4db0a6e64b6",
                  "value": "n%3A50"
               }
            ],
            "title": "VMs",
            "type": "View"
         },
         {
            "collapsed": false,
            "config": {
               "chartHeight": 135,
               "customFilter": {
                  "excludedResources": null,
                  "filter": [],
                  "includedResources": null
               },
               "depth": 1,
               "filterMode": "tagPicker",
               "metricFullName": "CPU|Usage (%)",
               "metricKey": "cpu|usage_average",
               "metricLabel": "",
               "metricName": "CPU|Usage (%)",
               "metricType": {"metricType": "custom"},
               "metricUnit": {
                  "metricUnitId": -1,
                  "metricUnitName": "Default Unit"
               },
               "mode": "all",
               "paginationNumber": 15,
               "refreshContent": {"refreshContent": true},
               "refreshInterval": 300,
               "relationshipMode": {"relationshipMode": 0},
               "resource": [],
               "resourceKindId": "resourceKind:id:0_::_",
               "selectFirstRow": {"selectFirstRow": false},
               "selfProvider": {"selfProvider": false},
               "showMetricLabel": {"showMetricLabel": false},
               "showResourceName": {"showResourceName": true},
               "sortBy": "metricValue",
               "sortByDir": {"orderByDir": "asc"},
               "tagFilter": null,
               "title": "CPU Usage (for selected VM)"
            },
            "gridsterCoords": {
               "h": 4,
               "w": 3,
               "x": 1,
               "y": 13
            },
            "height": 210,
            "id": "f107ae35-ee51-4590-baf7-2e7bdf50b1de",
            "states": [{
               "key": "permDateRange_HealthChart_widget_8efcf7c0-48c4-4f0b-a914-07c6eb6f94bd_f107ae35-ee51-4590-baf7-2e7bdf50b1de",
               "value": "s%3A%7B%22dateRange%22%3A%22dashboardTime%22%2C%22dateFrom%22%3Anull%2C%22dateTo%22%3Anull%2C%22timeFrom%22%3Anull%2C%22timeTo%22%3Anull%7D"
            }],
            "title": "CPU Usage (for selected VM)",
            "type": "HealthChart"
         },
         {
            "collapsed": false,
            "config": {
               "chartHeight": 135,
               "customFilter": {
                  "excludedResources": null,
                  "filter": [],
                  "includedResources": null
               },
               "depth": 1,
               "filterMode": "tagPicker",
               "metricFullName": "CPU|Contention (%)",
               "metricKey": "cpu|capacity_contentionPct",
               "metricLabel": "",
               "metricName": "CPU|Contention (%)",
               "metricType": {"metricType": "custom"},
               "metricUnit": {
                  "metricUnitId": -1,
                  "metricUnitName": "Default Unit"
               },
               "mode": "all",
               "paginationNumber": 15,
               "refreshContent": {"refreshContent": true},
               "refreshInterval": 300,
               "relationshipMode": {"relationshipMode": 0},
               "resource": [],
               "resourceKindId": "resourceKind:id:0_::_",
               "selectFirstRow": {"selectFirstRow": false},
               "selfProvider": {"selfProvider": false},
               "showMetricLabel": {"showMetricLabel": false},
               "showResourceName": {"showResourceName": true},
               "sortBy": "metricValue",
               "sortByDir": {"orderByDir": "asc"},
               "tagFilter": null,
               "title": "CPU Contention (for selected VM)"
            },
            "gridsterCoords": {
               "h": 4,
               "w": 3,
               "x": 4,
               "y": 13
            },
            "height": 210,
            "id": "ca1e85d2-902b-49f8-a601-db402f34f04f",
            "states": [{
               "key": "permDateRange_HealthChart_widget_8efcf7c0-48c4-4f0b-a914-07c6eb6f94bd_ca1e85d2-902b-49f8-a601-db402f34f04f",
               "value": "s%3A%7B%22dateRange%22%3A%22dashboardTime%22%2C%22dateFrom%22%3Anull%2C%22dateTo%22%3Anull%2C%22timeFrom%22%3Anull%2C%22timeTo%22%3Anull%7D"
            }],
            "title": "CPU Contention (for selected VM)",
            "type": "HealthChart"
         },
         {
            "collapsed": false,
            "config": {
               "chartHeight": 135,
               "customFilter": {
                  "excludedResources": null,
                  "filter": [],
                  "includedResources": null
               },
               "depth": 1,
               "filterMode": "tagPicker",
               "metricFullName": "Memory|Usage (%)",
               "metricKey": "mem|usage_average",
               "metricLabel": "",
               "metricName": "Memory|Usage (%)",
               "metricType": {"metricType": "custom"},
               "metricUnit": {
                  "metricUnitId": -1,
                  "metricUnitName": "Default Unit"
               },
               "mode": "all",
               "paginationNumber": 15,
               "refreshContent": {"refreshContent": true},
               "refreshInterval": 300,
               "relationshipMode": {"relationshipMode": 0},
               "resource": [],
               "resourceKindId": "resourceKind:id:0_::_",
               "selectFirstRow": {"selectFirstRow": false},
               "selfProvider": {"selfProvider": false},
               "showMetricLabel": {"showMetricLabel": false},
               "showResourceName": {"showResourceName": true},
               "sortBy": "metricValue",
               "sortByDir": {"orderByDir": "asc"},
               "tagFilter": null,
               "title": "Memory Usage (for selected VM)"
            },
            "gridsterCoords": {
               "h": 4,
               "w": 3,
               "x": 7,
               "y": 13
            },
            "height": 210,
            "id": "22c626d9-386d-4cf4-a205-6d074137ab6a",
            "states": [{
               "key": "permDateRange_HealthChart_widget_8efcf7c0-48c4-4f0b-a914-07c6eb6f94bd_22c626d9-386d-4cf4-a205-6d074137ab6a",
               "value": "s%3A%7B%22dateRange%22%3A%22dashboardTime%22%2C%22dateFrom%22%3Anull%2C%22dateTo%22%3Anull%2C%22timeFrom%22%3Anull%2C%22timeTo%22%3Anull%7D"
            }],
            "title": "Memory Usage (for selected VM)",
            "type": "HealthChart"
         },
         {
            "collapsed": false,
            "config": {
               "chartHeight": 135,
               "customFilter": {
                  "excludedResources": null,
                  "filter": [],
                  "includedResources": null
               },
               "depth": 1,
               "filterMode": "tagPicker",
               "metricFullName": "Memory|Contention (%)",
               "metricKey": "mem|host_contentionPct",
               "metricLabel": "",
               "metricName": "Memory|Contention (%)",
               "metricType": {"metricType": "custom"},
               "metricUnit": {
                  "metricUnitId": -1,
                  "metricUnitName": "Default Unit"
               },
               "mode": "all",
               "paginationNumber": 15,
               "refreshContent": {"refreshContent": true},
               "refreshInterval": 300,
               "relationshipMode": {"relationshipMode": 0},
               "resource": [],
               "resourceKindId": "resourceKind:id:0_::_",
               "selectFirstRow": {"selectFirstRow": false},
               "selfProvider": {"selfProvider": false},
               "showMetricLabel": {"showMetricLabel": false},
               "showResourceName": {"showResourceName": true},
               "sortBy": "metricValue",
               "sortByDir": {"orderByDir": "asc"},
               "tagFilter": null,
               "title": "Memory Contention (for selected VM)"
            },
            "gridsterCoords": {
               "h": 4,
               "w": 3,
               "x": 10,
               "y": 13
            },
            "height": 210,
            "id": "b7ef1000-9a5f-4717-b47e-8d06a7c430a8",
            "states": [{
               "key": "permDateRange_HealthChart_widget_8efcf7c0-48c4-4f0b-a914-07c6eb6f94bd_b7ef1000-9a5f-4717-b47e-8d06a7c430a8",
               "value": "s%3A%7B%22dateRange%22%3A%22dashboardTime%22%2C%22dateFrom%22%3Anull%2C%22dateTo%22%3Anull%2C%22timeFrom%22%3Anull%2C%22timeTo%22%3Anull%7D"
            }],
            "title": "Memory Contention (for selected VM)",
            "type": "HealthChart"
         },
         {
            "collapsed": false,
            "config": {
               "chartViewItems": [
                  "legend",
                  "labels",
                  "title"
               ],
               "isUpdatedView": true,
               "refreshContent": {"refreshContent": true},
               "refreshInterval": 300,
               "resource": null,
               "selectFirstRow": {"selectFirstRow": false},
               "selfProvider": {"selfProvider": false},
               "title": "Network Usage (for selected VM)",
               "traversalSpecId": "",
               "viewDefinitionId": "6bd8b9b0-4a65-4893-bb74-092d65d8604b"
            },
            "gridsterCoords": {
               "h": 4,
               "w": 3,
               "x": 1,
               "y": 21
            },
            "height": 210,
            "id": "1e8d550d-d168-40d6-853d-dc1ec2609d17",
            "title": "Network Usage (for selected VM)",
            "type": "View"
         }
      ]
   }],
   "entries": {
      "resource": [{
         "adapterKindKey": "VMWARE",
         "identifiers": [],
         "internalId": "resource:id:0_::_",
         "name": "vSphere World",
         "resourceKindKey": "vSphere World"
      }],
      "resourceKind": [{
         "adapterKindKey": "VMWARE",
         "internalId": "resourceKind:id:0_::_",
         "resourceKindKey": "VirtualMachine"
      }]
   },
   "uuid": "eb5ef2f2-9b59-4802-b4ff-a4d6cc388255"
}